mode,threads,hold_us,placement,repeats,throughput_median,throughput_q1,throughput_q3,wait_p50_ns_median,wait_p50_ns_q1,wait_p50_ns_q3,wait_p95_ns_median,wait_p95_ns_q1,wait_p95_ns_q3,wait_p99_ns_median,wait_p99_ns_q1,wait_p99_ns_q3,voluntary_cs_median,voluntary_cs_q1,voluntary_cs_q3,involuntary_cs_median,involuntary_cs_q1,involuntary_cs_q3,cpu_ns_median,cpu_ns_q1,cpu_ns_q3,wall_ns_median,wall_ns_q1,wall_ns_q3
sharded,1,0,single,3,137348487.45,118912372.45499998,146356817.19349998,30,30.0,30.0,30,30.0,30.0,31,31.0,31.0,0,0.0,0.0,0,0.0,0.0,143484,135677.0,170168.5,145615,137172.0,172333.5
sharded,1,0,spread,3,145182130.983,144339429.629,150303823.595,30,30.0,30.0,30,30.0,30.5,31,31.0,31.0,0,0.0,0.0,0,0.0,0.0,137034,132387.0,137840.0,137758,133218.5,138567.0
sharded,1,10,single,3,90402.331,88906.07500000001,91760.879,30,30.0,30.0,30,30.0,30.0,31,31.0,31.0,0,0.0,0.0,7,6.0,8.5,221063790,217738687.0,224791786.5,221233233,218005593.5,225020239.5
sharded,1,10,spread,3,91912.523,91750.97450000001,91989.62950000001,30,30.0,30.0,30,30.0,30.0,31,31.0,31.0,0,0.0,0.0,5,3.5,5.5,217397087,217303559.5,217765491.0,217598204,217415964.0,217982011.0
sharded,2,0,single,3,124737272.121,109481556.3075,132261560.10100001,30,30.0,30.0,30,30.0,30.5,31,31.0,35.5,0,0.0,0.0,0,0.0,0.0,129263,128532.0,158411.0,160337,151706.5,186296.5
sharded,2,0,spread,3,219905880.283,211342997.83249998,246190866.0555,30,30.0,30.0,30,30.0,30.0,31,31.0,31.0,0,0.0,0.0,0,0.0,0.0,175540,158595.5,177784.0,90948,82174.5,94788.5
sharded,2,10,single,3,92483.852,91286.76449999999,93977.235,30,30.0,30.0,30,30.0,30.0,31,31.0,80.5,0,0.0,0.0,54,51.5,54.5,216078321,212664980.5,218952067.0,216253968,212871251.5,219127493.0
sharded,2,10,spread,3,191083.021,185586.359,192419.28399999999,30,30.0,30.0,40,35.0,40.0,40,35.5,40.5,0,0.0,0.0,6,5.0,9.0,208225000,207175617.0,213463591.5,104666547,103944699.0,107861158.5
sharded,4,0,single,3,119354530.698,112584239.01699999,122067302.90799999,30,30.0,30.0,31,30.5,31.0,31,31.0,35.5,0,0.0,0.0,0,0.0,0.0,136764,133649.0,148550.5,167568,163925.0,178289.5
sharded,4,0,spread,3,308033514.046,306702499.2285,347350605.9135,30,30.0,30.0,31,31.0,31.0,41,41.0,70.5,0,0.0,0.0,0,0.0,0.0,194430,181966.0,197379.5,64928,58326.0,65211.0
sharded,4,10,single,3,90919.866,89601.6495,92736.7495,30,30.0,30.0,31,31.0,31.0,130,125.0,130.0,0,0.0,0.0,55,53.5,60.5,219790218,215552748.0,222773552.5,219973927,215747046.0,223258499.0
sharded,4,10,spread,3,335371.588,305010.9535,355703.9425,30,30.0,30.0,40,35.5,40.0,41,41.0,41.0,0,0.0,0.0,7,5.5,10.5,217389062,212680679.5,230309182.5,59635344,56410849.5,66227606.0
sharded,8,0,single,3,109014400.802,102708566.42750001,110725191.2825,30,30.0,30.0,31,31.0,31.0,40,40.0,90.0,0,0.0,0.0,0,0.0,0.0,136563,136428.0,138331.0,183462,180670.5,195462.5
sharded,8,0,spread,3,72507903.361,60144475.743,211256576.72,30,30.0,30.0,40,35.5,40.0,130,130.0,165.5,0,0.0,0.0,0,0.0,0.0,209742,192301.5,288418.0,275832,166487.0,347204.0
sharded,8,10,single,3,92932.596,88349.05900000001,93783.63,30,30.0,30.0,31,30.5,31.0,220,130.0,225.0,0,0.0,0.0,51,50.5,57.0,214845060,212860922.5,226280381.0,215209742,213274396.0,226985730.5
sharded,8,10,spread,3,566634.15,478491.931,635015.329,30,30.0,30.0,40,40.0,40.0,171,150.5,191.0,0,0.0,0.0,5,4.0,5.0,222231044,217565873.0,244699683.0,35296143,31864804.0,43266125.5
shared,1,0,single,3,154846701.765,154259543.80299997,155257082.46499997,30,30.0,30.0,30,30.0,30.0,31,31.0,31.0,0,0.0,0.0,0,0.0,0.0,127670,127599.5,127729.5,129160,128819.5,129653.5
shared,1,0,spread,3,135567485.494,109348748.33749999,145556940.5475,30,30.0,30.0,30,30.0,30.5,31,31.0,31.0,0,0.0,0.0,0,0.0,0.0,146699,136894.0,191966.0,147528,138053.5,194057.5
shared,1,10,single,3,91287.91,89480.617,91532.8805,30,30.0,30.0,31,30.5,31.0,31,31.0,35.5,0,0.0,0.0,4,4.0,7.5,218933873,218358267.5,223494372.5,219087061,218502281.5,223603310.5
shared,1,10,spread,3,91521.435,87050.2885,93947.2815,30,30.0,30.0,31,30.5,31.0,31,31.0,31.0,0,0.0,0.0,6,3.5,8.5,218368538,212941203.0,230096691.0,218528043,213027386.0,230359975.5
shared,2,0,single,3,132662943.26,120018423.0165,133594537.48050001,30,30.0,30.0,30,30.0,30.0,31,31.0,31.0,0,0.0,0.0,0,0.0,0.0,128421,128065.0,146462.5,150758,149714.0,168511.5
shared,2,0,spread,3,31620303.397,30313183.557499997,47334611.526999995,30,30.0,35.0,250,225.0,300.5,531,476.0,771.0,9,8.5,13.5,0,0.0,0.0,1132564,784547.0,1226989.0,632505,474859.5,661008.0
shared,2,10,single,3,90853.34,90638.56049999999,92528.779,30,30.0,30.0,30,30.0,30.0,60,50.0,95.0,51,51.0,52.0,104,103.0,106.5,219924146,216033154.0,220411180.0,220134999,216219859.0,220657876.5
shared,2,10,spread,3,72350.499,70516.688,73060.4975,30,30.0,30.0,31,31.0,31.0,60,55.0,100.0,14650,14494.0,15277.0,11,7.5,12.5,292262816,291814977.5,306326472.0,276432093,273771594.5,283812744.0
shared,4,0,single,3,114237408.182,113011166.9925,118541501.7765,30,30.0,30.0,30,30.0,30.5,31,31.0,31.0,0,0.0,0.0,0,0.0,0.0,142412,135966.5,143669.0,175074,168940.0,176994.5
shared,4,0,spread,3,41959156.957,37740497.379,49041168.0555,30,30.0,30.0,591,465.5,631.0,1443,952.0,1693.0,51,48.0,53.5,0,0.0,0.0,1206304,1109351.0,1370114.5,476654,416506.5,536640.0
shared,4,10,single,3,88352.696,87031.3475,91676.658,30,30.0,30.0,31,30.5,31.0,170,150.0,8613.0,123,106.5,123.5,124,111.0,126.5,226041949,218157258.0,229539669.0,226365474,218445207.5,229855238.5
shared,4,10,spread,3,69115.013,68542.94750000001,69872.6695,30,30.0,30.0,31,31.0,40.5,1997767,998954.0,3040352.0,17510,17386.0,17572.0,5,4.0,6.0,315537831,311966145.5,317567401.5,289372732,286268609.0,291808188.5
shared,8,0,single,3,97606207.755,93474279.35499999,107771974.211,30,30.0,30.0,30,30.0,30.5,31,31.0,85.5,0,0.0,0.0,0,0.0,0.0,138167,133634.0,148816.5,204905,187243.0,214381.5
shared,8,0,spread,3,35600554.657,34902099.8695,35785435.9755,30,30.0,30.0,801,746.0,841.5,4827,3370.0,5898.5,116,105.5,117.5,0,0.0,0.0,2406048,2404293.5,2481107.0,561789,558901.5,573261.0
shared,8,10,single,3,92227.111,90987.0085,93346.925,30,30.0,30.0,31,31.0,31.0,7987222,7986616.5,9995210.0,96,94.0,99.0,95,95.0,100.0,216633251,214012698.5,219604334.0,216855973,214285350.5,219852440.5
shared,8,10,spread,3,66724.391,66684.4885,66804.204,30,30.0,30.0,140,140.0,145.0,5790846,4968188.0,6228642.0,12919,11975.0,15263.5,7,4.0,9.0,349205810,345535173.5,350006024.0,299740463,299382781.5,299919928.5
